{
  "hash": "2c17b7bc",
  "configHash": "36ab0e69",
  "lockfileHash": "d7adf4f1",
  "browserHash": "9dcfd892",
  "optimized": {
    "@angular/common": {
      "src": "../../../../../node_modules/@angular/common/fesm2022/common.mjs",
      "file": "@angular_common.js",
      "fileHash": "80fef3d9",
      "needsInterop": false
    },
    "@angular/common/http": {
      "src": "../../../../../node_modules/@angular/common/fesm2022/http.mjs",
      "file": "@angular_common_http.js",
      "fileHash": "6b36879c",
      "needsInterop": false
    },
    "@angular/core": {
      "src": "../../../../../node_modules/@angular/core/fesm2022/core.mjs",
      "file": "@angular_core.js",
      "fileHash": "8d98236d",
      "needsInterop": false
    },
    "@angular/forms": {
      "src": "../../../../../node_modules/@angular/forms/fesm2022/forms.mjs",
      "file": "@angular_forms.js",
      "fileHash": "91aece9a",
      "needsInterop": false
    },
    "@angular/material/card": {
      "src": "../../../../../node_modules/@angular/material/fesm2022/card.mjs",
      "file": "@angular_material_card.js",
      "fileHash": "45697b25",
      "needsInterop": false
    },
    "@angular/material/core": {
      "src": "../../../../../node_modules/@angular/material/fesm2022/core.mjs",
      "file": "@angular_material_core.js",
      "fileHash": "7204939b",
      "needsInterop": false
    },
    "@angular/material/form-field": {
      "src": "../../../../../node_modules/@angular/material/fesm2022/form-field.mjs",
      "file": "@angular_material_form-field.js",
      "fileHash": "f0411b35",
      "needsInterop": false
    },
    "@angular/material/input": {
      "src": "../../../../../node_modules/@angular/material/fesm2022/input.mjs",
      "file": "@angular_material_input.js",
      "fileHash": "e05e8ede",
      "needsInterop": false
    },
    "@angular/material/select": {
      "src": "../../../../../node_modules/@angular/material/fesm2022/select.mjs",
      "file": "@angular_material_select.js",
      "fileHash": "c8c33f76",
      "needsInterop": false
    },
    "@angular/platform-browser": {
      "src": "../../../../../node_modules/@angular/platform-browser/fesm2022/platform-browser.mjs",
      "file": "@angular_platform-browser.js",
      "fileHash": "c61533eb",
      "needsInterop": false
    },
    "@angular/platform-browser/animations/async": {
      "src": "../../../../../node_modules/@angular/platform-browser/fesm2022/animations/async.mjs",
      "file": "@angular_platform-browser_animations_async.js",
      "fileHash": "ef09bdac",
      "needsInterop": false
    },
    "@angular/router": {
      "src": "../../../../../node_modules/@angular/router/fesm2022/router.mjs",
      "file": "@angular_router.js",
      "fileHash": "f7f8175a",
      "needsInterop": false
    },
    "@ngxpert/hot-toast": {
      "src": "../../../../../node_modules/@ngxpert/hot-toast/fesm2022/ngxpert-hot-toast.mjs",
      "file": "@ngxpert_hot-toast.js",
      "fileHash": "b7989473",
      "needsInterop": false
    },
    "ngx-cookie-service": {
      "src": "../../../../../node_modules/ngx-cookie-service/fesm2022/ngx-cookie-service.mjs",
      "file": "ngx-cookie-service.js",
      "fileHash": "9cebe032",
      "needsInterop": false
    },
    "ngx-toastr": {
      "src": "../../../../../node_modules/ngx-toastr/fesm2022/ngx-toastr.mjs",
      "file": "ngx-toastr.js",
      "fileHash": "a0e90156",
      "needsInterop": false
    }
  },
  "chunks": {
    "browser-2LYYZZL6": {
      "file": "browser-2LYYZZL6.js"
    },
    "chunk-DYLVJ4JY": {
      "file": "chunk-DYLVJ4JY.js"
    },
    "chunk-7DEIHPCL": {
      "file": "chunk-7DEIHPCL.js"
    },
    "chunk-2PXYM4GV": {
      "file": "chunk-2PXYM4GV.js"
    },
    "chunk-ZJ2KFLRI": {
      "file": "chunk-ZJ2KFLRI.js"
    },
    "chunk-ANVL3SU7": {
      "file": "chunk-ANVL3SU7.js"
    },
    "chunk-ZYSD353K": {
      "file": "chunk-ZYSD353K.js"
    },
    "chunk-YMO5XO6G": {
      "file": "chunk-YMO5XO6G.js"
    },
    "chunk-YLCYICMK": {
      "file": "chunk-YLCYICMK.js"
    }
  }
}